cell_loss_b_epoch,cell_loss_b_step,epoch,loss_total_epoch,loss_total_step,pos_loss_b_epoch,pos_loss_b_step,species_loss_epoch,species_loss_step,step
-0.005994325038045645,,0,-0.03685995936393738,,-0.03086564876139164,,0.0,,26
,-0.004981111269444227,1,,-0.036565881222486496,,-0.03158476948738098,,0.0,49
-0.00609039468690753,,1,-0.037124574184417725,,-0.031034192070364952,,0.0,,53
-0.006181779783219099,,2,-0.037617456167936325,,-0.03143566846847534,,0.0,,80
,-0.004041069187223911,3,,-0.03559426963329315,,-0.031553201377391815,,0.0,99
-0.006138923577964306,,3,-0.03758770227432251,,-0.03144877776503563,,0.0,,107
-0.00612944271415472,,4,-0.037568122148513794,,-0.031438685953617096,,0.0,,134
,-0.0045294929295778275,5,,-0.03349686041474342,,-0.028967367485165596,,0.0,149
-0.006110972724854946,,5,-0.037547606974840164,,-0.03143664449453354,,0.0,,161
-0.006197821348905563,,6,-0.037243641912937164,,-0.0310458205640316,,0.0,,188
,-0.005991431884467602,7,,-0.032077085226774216,,-0.02608565241098404,,0.0,199
-0.00611808942630887,,7,-0.03709910064935684,,-0.030981015413999557,,0.0,,215
-0.006145992781966925,,8,-0.0376167930662632,,-0.031470805406570435,,0.0,,242
,-0.006590844132006168,9,,-0.03681693971157074,,-0.030226096510887146,,0.0,249
-0.006130136549472809,,9,-0.03748293220996857,,-0.03135278820991516,,0.0,,269
-0.006131646689027548,,10,-0.037283893674612045,,-0.031152257695794106,,0.0,,296
,-0.00745869567617774,11,,-0.03765098750591278,,-0.030192291364073753,,0.0,299
-0.0061265588738024235,,11,-0.03748225048184395,,-0.03135567903518677,,0.0,,323
,-0.005974009167402983,12,,-0.036033835262060165,,-0.030059825628995895,,0.0,349
-0.006105749402195215,,12,-0.03715546056628227,,-0.031049717217683792,,0.0,,350
-0.006167070474475622,,13,-0.037275686860084534,,-0.031108614057302475,,0.0,,377
,-0.009283878840506077,14,,-0.04018242284655571,,-0.030898544937372208,,0.0,399
-0.006130382418632507,,14,-0.03721556067466736,,-0.031085176393389702,,0.0,,404
-0.006164245307445526,,15,-0.03754165396094322,,-0.0313774012029171,,0.0,,431
,-0.004764690529555082,16,,-0.040049098432064056,,-0.03528440743684769,,0.0,449
-0.0061893826350569725,,16,-0.03760547935962677,,-0.03141609951853752,,0.0,,458
-0.006168431602418423,,17,-0.03724370896816254,,-0.03107527270913124,,0.0,,485
,-0.007147573865950108,18,,-0.04007988050580025,,-0.032932307571172714,,0.0,499
-0.006153016816824675,,18,-0.03774908930063248,,-0.031596072018146515,,0.0,,512
-0.006160398945212364,,19,-0.03739248588681221,,-0.0312320776283741,,0.0,,539
,-0.004268405959010124,20,,-0.038388825953006744,,-0.03412042185664177,,0.0,549
-0.006174464710056782,,20,-0.03760341554880142,,-0.031428951770067215,,0.0,,566
-0.006220194045454264,,21,-0.03769225999712944,,-0.03147205337882042,,0.0,,593
,-0.004606818314641714,22,,-0.03742743283510208,,-0.03282061591744423,,0.0,599
-0.00610797293484211,,22,-0.03717362508177757,,-0.031065640971064568,,0.0,,620
-0.006159037351608276,,23,-0.037639010697603226,,-0.03147997334599495,,0.0,,647
,-0.012511960230767727,24,,-0.043507155030965805,,-0.030995193868875504,,0.0,649
-0.006099289283156395,,24,-0.037436023354530334,,-0.031336743384599686,,0.0,,674
,-0.00489901565015316,25,,-0.03364646062254906,,-0.028747444972395897,,0.0,699
-0.0061456733383238316,,25,-0.037178583443164825,,-0.03103291429579258,,0.0,,701
-0.006132456008344889,,26,-0.03766550496220589,,-0.03153304010629654,,0.0,,728
,-0.0079775620251894,27,,-0.03628744184970856,,-0.028309879824519157,,0.0,749
-0.0061521101742982864,,27,-0.037474099546670914,,-0.03132199868559837,,0.0,,755
-0.0061296806670725346,,28,-0.03723791614174843,,-0.03110824152827263,,0.0,,782
,-0.004306969232857227,29,,-0.036418668925762177,,-0.032111700624227524,,0.0,799
-0.006143682636320591,,29,-0.037440042942762375,,-0.031296372413635254,,0.0,,809
-0.0061247036792337894,,30,-0.037369370460510254,,-0.031244676560163498,,0.0,,836
,-0.005165025591850281,31,,-0.03681374713778496,,-0.03164872154593468,,0.0,849
-0.006182522978633642,,31,-0.03755676746368408,,-0.0313742496073246,,0.0,,863
-0.006156930234283209,,32,-0.037598367780447006,,-0.03144143894314766,,0.0,,890
,-0.007474317215383053,33,,-0.037117280066013336,,-0.029642963781952858,,0.0,899
-0.006173500791192055,,33,-0.03745909407734871,,-0.03128558397293091,,0.0,,917
-0.006158136762678623,,34,-0.03749361261725426,,-0.03133548051118851,,0.0,,944
,-0.0076226438395679,35,,-0.03866289556026459,,-0.0310402512550354,,0.0,949
-0.006170596927404404,,35,-0.03736867010593414,,-0.03119807131588459,,0.0,,971
-0.006137439049780369,,36,-0.03724493086338043,,-0.031107494607567787,,0.0,,998
,-0.005267172586172819,37,,-0.03666610270738602,,-0.03139892965555191,,0.0,999
-0.006165983155369759,,37,-0.03740048408508301,,-0.0312344990670681,,0.0,,1025
,-0.00437980005517602,38,,-0.03387777879834175,,-0.02949797920882702,,0.0,1049
-0.006147794425487518,,38,-0.037742000073194504,,-0.03159420192241669,,0.0,,1052
-0.006066441535949707,,39,-0.03744889795780182,,-0.031382448971271515,,0.0,,1079
,-0.00553493807092309,40,,-0.03612750768661499,,-0.03059256821870804,,0.0,1099
-0.006190938409417868,,40,-0.03773604333400726,,-0.031545113772153854,,0.0,,1106
-0.006163114216178656,,41,-0.03801467642188072,,-0.03185156360268593,,0.0,,1133
,-0.014829380437731743,42,,-0.04892044514417648,,-0.03409106284379959,,0.0,1149
-0.006159130018204451,,42,-0.03765912726521492,,-0.031499993056058884,,0.0,,1160
-0.006180565804243088,,43,-0.03758354112505913,,-0.03140298277139664,,0.0,,1187
,-0.0061998977325856686,44,,-0.036597032099962234,,-0.030397135764360428,,0.0,1199
-0.006132390350103378,,44,-0.0374477356672287,,-0.03131534531712532,,0.0,,1214
-0.006159880198538303,,45,-0.03753224387764931,,-0.03137235715985298,,0.0,,1241
,-0.00658565666526556,46,,-0.039114564657211304,,-0.03252890706062317,,0.0,1249
-0.006179750431329012,,46,-0.03756861388683319,,-0.031388863921165466,,0.0,,1268
-0.0061495378613471985,,47,-0.03742950037121773,,-0.031279969960451126,,0.0,,1295
,-0.006062829401344061,48,,-0.035479623824357986,,-0.029416793957352638,,0.0,1299
-0.006161723285913467,,48,-0.0376051627099514,,-0.03144345432519913,,0.0,,1322
,-0.009706505574285984,49,,-0.041343435645103455,,-0.031636931002140045,,0.0,1349
-0.00613905256614089,,49,-0.037543777376413345,,-0.03140473738312721,,0.0,,1349
-0.006103606894612312,,50,-0.0375070683658123,,-0.031403470784425735,,0.0,,1376
,-0.004860822111368179,51,,-0.03874509036540985,,-0.03388426825404167,,0.0,1399
-0.006130559369921684,,51,-0.03764890879392624,,-0.03151835501194,,0.0,,1403
-0.0061570825055241585,,52,-0.0374826081097126,,-0.03132551908493042,,0.0,,1430
,-0.004639114253222942,53,,-0.03464765101671219,,-0.03000853769481182,,0.0,1449
-0.006152437999844551,,53,-0.037736453115940094,,-0.03158401697874069,,0.0,,1457
-0.006163794081658125,,54,-0.03710450604557991,,-0.030940720811486244,,0.0,,1484
,-0.009866283275187016,55,,-0.04485942795872688,,-0.03499314561486244,,0.0,1499
-0.006198003422468901,,55,-0.0377151221036911,,-0.03151711821556091,,0.0,,1511
-0.006156422663480043,,56,-0.03727076202630997,,-0.03111433982849121,,0.0,,1538
,-0.006652432028204203,57,,-0.03387776389718056,,-0.027225332334637642,,0.0,1549
-0.006161196622997522,,57,-0.03798936307430267,,-0.031828172504901886,,0.0,,1565
-0.006109087262302637,,58,-0.03709343448281288,,-0.03098435141146183,,0.0,,1592
,-0.010231224820017815,59,,-0.04043169692158699,,-0.030200472101569176,,0.0,1599
-0.006197583395987749,,59,-0.03781301528215408,,-0.03161543980240822,,0.0,,1619
-0.006138416938483715,,60,-0.03789971023797989,,-0.0317612960934639,,0.0,,1646
,-0.0045702229253947735,61,,-0.03741126507520676,,-0.032841041684150696,,0.0,1649
-0.006175114773213863,,61,-0.03783804923295975,,-0.031662940979003906,,0.0,,1673
,-0.0048451414331793785,62,,-0.033009812235832214,,-0.02816466987133026,,0.0,1699
-0.006129751447588205,,62,-0.03753163293004036,,-0.03140188381075859,,0.0,,1700
-0.00617143465206027,,63,-0.037108272314071655,,-0.030936844646930695,,0.0,,1727
,-0.00821019522845745,64,,-0.03856811672449112,,-0.03035792149603367,,0.0,1749
-0.00610924931243062,,64,-0.03746039792895317,,-0.031351152807474136,,0.0,,1754
-0.006141271907836199,,65,-0.037904758006334305,,-0.031763479113578796,,0.0,,1781
,-0.004936680663377047,66,,-0.03293700888752937,,-0.028000326827168465,,0.0,1799
-0.006131784990429878,,66,-0.037584904581308365,,-0.031453125178813934,,0.0,,1808
-0.006117949262261391,,67,-0.037805862724781036,,-0.031687911599874496,,0.0,,1835
,-0.007972655817866325,68,,-0.03970173001289368,,-0.0317290723323822,,0.0,1849
-0.006179130636155605,,68,-0.037514954805374146,,-0.031335823237895966,,0.0,,1862
-0.006169719155877829,,69,-0.037403784692287445,,-0.031234070658683777,,0.0,,1889
,-0.006167048122733831,70,,-0.0371442511677742,,-0.03097720444202423,,0.0,1899
-0.00615770323202014,,70,-0.03733186051249504,,-0.031174147501587868,,0.0,,1916
-0.0061169760301709175,,71,-0.03766372799873352,,-0.03154674172401428,,0.0,,1943
,-0.0048053329810500145,72,,-0.036533452570438385,,-0.031728118658065796,,0.0,1949
-0.006149774417281151,,72,-0.037844058126211166,,-0.03169429674744606,,0.0,,1970
-0.006127804983407259,,73,-0.037765808403491974,,-0.031637996435165405,,0.0,,1997
,-0.004198083654046059,74,,-0.03942015767097473,,-0.03522207587957382,,0.0,1999
-0.005662251263856888,,74,-0.038975153118371964,,-0.03331289812922478,,0.0,,1999
